Average Interarrival Time,Average Waiting Time,Average Service Time,Average Total time in System
2.7249823521688525,0.8508861931158969,1.4128025110078217,2.2636887041237177
